{
    "data": [
{
    "id": "SYS0012020",
    "firstName": "John",
    "middleName": "Smith",
    "lastName": "Willson",
    "gender": "male",
    "dateOfJoining": "05-06-2018",
    "department": "IT",
    "designation": "CTO",
    "experience": 5.2
},
{
    "id": "SYS0012021",
    "firstName": "Peter",
    "middleName": "John",
    "lastName": "Williams",
    "gender": "male",
    "dateOfJoining": "03-04-2012",
    "department": "Admin",
    "designation": "Manager",
    "experience": 6
},
{
    "id": "SYS0012022",
    "firstName": "Smitha",
    "middleName": "Kumari",
    "lastName": "Swapnil",
    "gender": "Female",
    "dateOfJoining": "25-02-2011",
    "department": "IT",
    "designation": "CTO",
    "experience": 6.8
},
{
    "id": "SYS0012023",
    "firstName": "Rashmi",
    "middleName": "Lakshi",
    "lastName": "Reeta",
    "gender": "Female",
    "dateOfJoining": "21-03-2014",
    "department": "Sales",
    "designation": "VP",
    "experience": 3.4
},
{
    "id": "SYS0012024",
    "firstName": "Kiran",
    "middleName": "Raj",
    "lastName": "Prabhu",
    "gender": "Male",
    "dateOfJoining": "23-01-2020",
    "department": "Facility",
    "designation": "Contractor",
    "experience": 8.9
}
]
}