{
    
    "data": [
      {
        "id": 1,
        "email": "george.bluth@reqres.in",
        "first_name": "George",
        "last_name": "Bluth",
        "avatar": "https://s3.amazonaws.com/uifaces/faces/twitter/calebogden/128.jpg"
      },
      {
        "id": 2,
        "email": "janet.weaver@reqres.in",
        "first_name": "Janet",
        "last_name": "Weaver",
        "avatar": "https://s3.amazonaws.com/uifaces/faces/twitter/josephstein/128.jpg"
      },
      {
        "id": 3,
        "email": "emma.wong@reqres.in",
        "first_name": "Emma",
        "last_name": "Wong",
        "avatar": "https://s3.amazonaws.com/uifaces/faces/twitter/olegpogodaev/128.jpg"
      },
      {
        "id": 1,
        "email": "george.bluth@reqres.in",
        "first_name": "George",
        "last_name": "Bluth",
        "avatar": "https://s3.amazonaws.com/uifaces/faces/twitter/calebogden/128.jpg"
      }
    ]
  }